DSP,JCAD,RhoA,RhoC,TJP1,$RhoC_amp,$RhoC_antagonistic,perb,exp_name,delta,phenotype
0.49500299999999997,0.5020009999999999,0.5208749999999999,0.749923,0.494801,5.0,1.0,WT,Escape_Threshold_RhoC,0.22904800000000014,Normal
0.49840200000000007,0.5020020000000001,0.5667089999999999,0.645463,0.498802,5.0,2.0,WT,Escape_Threshold_RhoC,0.0787540000000001,Normal
0.4935999999999999,0.512601,0.607158,0.565075,0.500201,5.0,3.0,WT,Escape_Threshold_RhoC,-0.04208299999999998,Normal
0.5052,0.49719899999999995,0.620981,0.525536,0.5145989999999999,5.0,4.0,WT,Escape_Threshold_RhoC,-0.095445,Normal
0.503999,0.49519900000000006,0.650984,0.4789030000000001,0.49419900000000005,5.0,5.0,WT,Escape_Threshold_RhoC,-0.17208099999999993,Normal
0.4974,0.508799,0.6651520000000001,0.45155499999999993,0.503201,5.0,6.0,WT,Escape_Threshold_RhoC,-0.21359700000000015,Normal
0.502999,0.5122,0.6843469999999999,0.426493,0.5063989999999999,5.0,7.0,WT,Escape_Threshold_RhoC,-0.2578539999999999,Failed
0.509401,0.508201,0.7068509999999999,0.38991600000000004,0.500403,5.0,8.0,WT,Escape_Threshold_RhoC,-0.31693499999999986,Failed
0.499201,0.4966,0.6994389999999999,0.377641,0.49779999999999996,5.0,9.0,WT,Escape_Threshold_RhoC,-0.3217979999999999,Failed
0.495202,0.496802,0.7020029999999999,0.36354600000000004,0.495601,5.0,10.0,WT,Escape_Threshold_RhoC,-0.3384569999999999,Failed
0.5028,0.508401,0.725602,0.33296499999999996,0.507799,5.0,11.0,WT,Escape_Threshold_RhoC,-0.392637,Failed
0.49560000000000004,0.49920100000000006,0.729082,0.325368,0.4899990000000001,5.0,12.0,WT,Escape_Threshold_RhoC,-0.403714,Failed
0.498199,0.4892,0.751479,0.30487400000000003,0.501999,5.0,13.0,WT,Escape_Threshold_RhoC,-0.446605,Failed
0.5036,0.511001,0.747755,0.29830500000000004,0.503599,5.0,14.0,WT,Escape_Threshold_RhoC,-0.4494499999999999,Failed
0.5032,0.49019999999999997,0.5257010000000001,0.7493810000000001,0.4924,10.0,1.0,WT,Escape_Threshold_RhoC,0.22368,Normal
0.5071999999999999,0.502801,0.567386,0.660878,0.497,10.0,2.0,WT,Escape_Threshold_RhoC,0.09349200000000002,Normal
0.509599,0.503199,0.6069130000000001,0.5892080000000001,0.49539900000000003,10.0,3.0,WT,Escape_Threshold_RhoC,-0.017705000000000082,Normal
0.48419999999999996,0.5196000000000001,0.6104780000000001,0.5509040000000002,0.503,10.0,4.0,WT,Escape_Threshold_RhoC,-0.059573999999999905,Normal
0.5038,0.5095999999999999,0.64221,0.521693,0.5022,10.0,5.0,WT,Escape_Threshold_RhoC,-0.12051699999999999,Normal
0.5007990000000001,0.5026020000000001,0.653483,0.488684,0.510202,10.0,6.0,WT,Escape_Threshold_RhoC,-0.16479900000000003,Normal
0.489399,0.499401,0.669133,0.45488199999999995,0.499601,10.0,7.0,WT,Escape_Threshold_RhoC,-0.21425100000000002,Normal
0.495799,0.5012,0.6923,0.426678,0.5002000000000001,10.0,8.0,WT,Escape_Threshold_RhoC,-0.265622,Failed
0.509001,0.508601,0.6902219999999999,0.41964199999999996,0.49080099999999993,10.0,9.0,WT,Escape_Threshold_RhoC,-0.27057999999999993,Failed
0.503998,0.506999,0.696118,0.40137,0.49019899999999994,10.0,10.0,WT,Escape_Threshold_RhoC,-0.294748,Failed
0.49939900000000004,0.49099999999999994,0.7018599999999999,0.38545599999999997,0.508398,10.0,11.0,WT,Escape_Threshold_RhoC,-0.31640399999999996,Failed
0.500601,0.486001,0.702254,0.377107,0.506401,10.0,12.0,WT,Escape_Threshold_RhoC,-0.325147,Failed
0.501799,0.510401,0.7292,0.348691,0.496002,10.0,13.0,WT,Escape_Threshold_RhoC,-0.380509,Failed
0.4989990000000001,0.4976,0.734306,0.33757600000000004,0.4914,10.0,14.0,WT,Escape_Threshold_RhoC,-0.39672999999999997,Failed
0.497001,0.49999999999999994,0.5263730000000001,0.7555769999999999,0.49839900000000004,15.0,1.0,WT,Escape_Threshold_RhoC,0.22920399999999985,Normal
0.512001,0.49020100000000005,0.567342,0.6656979999999999,0.5082009999999999,15.0,2.0,WT,Escape_Threshold_RhoC,0.09835599999999989,Normal
0.493,0.505,0.5898599999999999,0.607154,0.49900100000000003,15.0,3.0,WT,Escape_Threshold_RhoC,0.01729400000000003,Normal
0.5062,0.492401,0.609054,0.5682619999999999,0.5042,15.0,4.0,WT,Escape_Threshold_RhoC,-0.04079200000000005,Normal
0.508199,0.5064,0.650918,0.51101,0.4905999999999999,15.0,5.0,WT,Escape_Threshold_RhoC,-0.13990800000000003,Normal
0.490601,0.496199,0.6447309999999999,0.496656,0.49560000000000004,15.0,6.0,WT,Escape_Threshold_RhoC,-0.14807499999999996,Normal
0.494201,0.496201,0.669224,0.47101400000000004,0.49480100000000005,15.0,7.0,WT,Escape_Threshold_RhoC,-0.19821,Normal
0.5018,0.49060000000000004,0.6829820000000001,0.43615600000000004,0.48100000000000004,15.0,8.0,WT,Escape_Threshold_RhoC,-0.24682600000000005,Normal
0.5064,0.501401,0.678432,0.4271670000000001,0.496602,15.0,9.0,WT,Escape_Threshold_RhoC,-0.25126499999999996,Failed
0.498201,0.494801,0.6926,0.408784,0.49520000000000003,15.0,10.0,WT,Escape_Threshold_RhoC,-0.283816,Failed
0.489398,0.49299799999999994,0.7038800000000001,0.39686200000000005,0.4943989999999999,15.0,11.0,WT,Escape_Threshold_RhoC,-0.307018,Failed
0.505202,0.496203,0.709395,0.3914619999999999,0.502402,15.0,12.0,WT,Escape_Threshold_RhoC,-0.3179330000000001,Failed
0.48479999999999995,0.5008,0.711805,0.378259,0.49660099999999996,15.0,13.0,WT,Escape_Threshold_RhoC,-0.333546,Failed
0.506,0.49819899999999995,0.712316,0.3739159999999999,0.49959899999999996,15.0,14.0,WT,Escape_Threshold_RhoC,-0.33840000000000003,Failed
0.5006,0.490001,0.516687,0.7586189999999999,0.502401,20.0,1.0,WT,Escape_Threshold_RhoC,0.24193199999999992,Normal
0.508001,0.501402,0.568925,0.678421,0.487201,20.0,2.0,WT,Escape_Threshold_RhoC,0.10949600000000004,Normal
0.5056,0.49940000000000007,0.594392,0.6093510000000001,0.5038,20.0,3.0,WT,Escape_Threshold_RhoC,0.014959000000000056,Normal
0.499001,0.4976,0.6157090000000001,0.573977,0.514601,20.0,4.0,WT,Escape_Threshold_RhoC,-0.0417320000000001,Normal
0.501399,0.5006010000000001,0.6291260000000001,0.532007,0.508199,20.0,5.0,WT,Escape_Threshold_RhoC,-0.09711900000000007,Normal
0.4997999999999999,0.502,0.645603,0.5012460000000001,0.4866,20.0,6.0,WT,Escape_Threshold_RhoC,-0.14435699999999996,Normal
0.4872000000000001,0.5056,0.652705,0.48402600000000007,0.4998,20.0,7.0,WT,Escape_Threshold_RhoC,-0.1686789999999999,Normal
0.516201,0.494402,0.6755699999999999,0.45912100000000006,0.5058,20.0,8.0,WT,Escape_Threshold_RhoC,-0.21644899999999984,Normal
0.498,0.488801,0.681609,0.445424,0.5038,20.0,9.0,WT,Escape_Threshold_RhoC,-0.23618500000000003,Normal
0.507201,0.49960099999999996,0.6855770000000001,0.42735599999999996,0.48919999999999997,20.0,10.0,WT,Escape_Threshold_RhoC,-0.25822100000000014,Failed
0.516801,0.490199,0.6948089999999999,0.403548,0.496001,20.0,11.0,WT,Escape_Threshold_RhoC,-0.2912609999999999,Failed
0.493798,0.5069980000000001,0.689652,0.41251699999999997,0.506599,20.0,12.0,WT,Escape_Threshold_RhoC,-0.2771350000000001,Failed
0.504198,0.5021990000000001,0.712231,0.37713500000000005,0.48639899999999997,20.0,13.0,WT,Escape_Threshold_RhoC,-0.3350959999999999,Failed
0.504001,0.500201,0.713396,0.37484,0.503799,20.0,14.0,WT,Escape_Threshold_RhoC,-0.338556,Failed
0.502,0.496801,0.520633,0.755394,0.5046,25.0,1.0,WT,Escape_Threshold_RhoC,0.234761,Normal
0.501399,0.4982,0.561634,0.672744,0.5039980000000001,25.0,2.0,WT,Escape_Threshold_RhoC,0.11111000000000004,Normal
0.5138020000000001,0.4934009999999999,0.5937670000000002,0.613076,0.49880199999999997,25.0,3.0,WT,Escape_Threshold_RhoC,0.0193089999999998,Normal
0.5012000000000001,0.5095970000000001,0.6071890000000001,0.578788,0.49859999999999993,25.0,4.0,WT,Escape_Threshold_RhoC,-0.02840100000000012,Normal
0.4984019999999999,0.4934019999999999,0.626701,0.542727,0.4922,25.0,5.0,WT,Escape_Threshold_RhoC,-0.083974,Normal
0.495002,0.508802,0.6356590000000001,0.516673,0.493402,25.0,6.0,WT,Escape_Threshold_RhoC,-0.11898600000000004,Normal
0.500202,0.49939999999999996,0.6629390000000001,0.47972299999999996,0.504,25.0,7.0,WT,Escape_Threshold_RhoC,-0.1832160000000001,Normal
0.506801,0.49720099999999995,0.669934,0.46718599999999993,0.505001,25.0,8.0,WT,Escape_Threshold_RhoC,-0.2027480000000001,Normal
0.5059999999999999,0.493799,0.687125,0.441823,0.4962000000000001,25.0,9.0,WT,Escape_Threshold_RhoC,-0.24530199999999996,Normal
0.49200200000000005,0.49800200000000006,0.6889619999999999,0.43305000000000005,0.507201,25.0,10.0,WT,Escape_Threshold_RhoC,-0.2559119999999998,Failed
0.511201,0.5036,0.6961069999999999,0.41356100000000007,0.493601,25.0,11.0,WT,Escape_Threshold_RhoC,-0.28254599999999985,Failed
0.5034010000000001,0.504201,0.708587,0.40485699999999997,0.49840200000000007,25.0,12.0,WT,Escape_Threshold_RhoC,-0.30373,Failed
0.48300100000000007,0.5127999999999999,0.697098,0.40676399999999996,0.505601,25.0,13.0,WT,Escape_Threshold_RhoC,-0.29033400000000004,Failed
0.5025999999999999,0.49420000000000003,0.7238060000000001,0.374519,0.495199,25.0,14.0,WT,Escape_Threshold_RhoC,-0.34928700000000007,Failed
0.500599,0.49779899999999994,0.514709,0.7678470000000001,0.5072,30.0,1.0,WT,Escape_Threshold_RhoC,0.2531380000000001,Hyper
0.489002,0.501601,0.5541689999999999,0.6772380000000001,0.510198,30.0,2.0,WT,Escape_Threshold_RhoC,0.1230690000000002,Normal
0.5008009999999999,0.505799,0.586867,0.623944,0.49520100000000006,30.0,3.0,WT,Escape_Threshold_RhoC,0.03707700000000003,Normal
0.486199,0.49860000000000004,0.601559,0.5700080000000001,0.501201,30.0,4.0,WT,Escape_Threshold_RhoC,-0.031550999999999885,Normal
0.49740100000000004,0.502202,0.6387090000000001,0.5341990000000001,0.49600200000000005,30.0,5.0,WT,Escape_Threshold_RhoC,-0.10450999999999999,Normal
0.5082009999999999,0.49620000000000003,0.649686,0.513632,0.503402,30.0,6.0,WT,Escape_Threshold_RhoC,-0.136054,Normal
0.5018,0.5194,0.652893,0.495485,0.49460000000000004,30.0,7.0,WT,Escape_Threshold_RhoC,-0.15740799999999994,Normal
0.505799,0.502201,0.675367,0.464747,0.48819999999999997,30.0,8.0,WT,Escape_Threshold_RhoC,-0.21062000000000003,Normal
0.5134019999999999,0.5102,0.6873989999999999,0.45204099999999997,0.502802,30.0,9.0,WT,Escape_Threshold_RhoC,-0.2353579999999999,Normal
0.5022,0.5002000000000001,0.68623,0.44108,0.5018,30.0,10.0,WT,Escape_Threshold_RhoC,-0.24514999999999998,Normal
0.5006029999999999,0.501401,0.6958850000000001,0.42785699999999993,0.496601,30.0,11.0,WT,Escape_Threshold_RhoC,-0.26802800000000016,Failed
0.499999,0.5062,0.689951,0.41763100000000003,0.49519799999999997,30.0,12.0,WT,Escape_Threshold_RhoC,-0.27231999999999995,Failed
0.49940100000000004,0.502201,0.7056069999999999,0.40159199999999995,0.494001,30.0,13.0,WT,Escape_Threshold_RhoC,-0.3040149999999999,Failed
0.49659899999999996,0.5042,0.707522,0.392213,0.4968,30.0,14.0,WT,Escape_Threshold_RhoC,-0.315309,Failed
0.489599,0.504599,0.5158909999999999,0.766674,0.493799,35.0,1.0,WT,Escape_Threshold_RhoC,0.2507830000000001,Hyper
0.502,0.4921979999999999,0.565957,0.671565,0.492,35.0,2.0,WT,Escape_Threshold_RhoC,0.10560799999999992,Normal
0.519798,0.509199,0.5974029999999999,0.6149519999999999,0.5053989999999999,35.0,3.0,WT,Escape_Threshold_RhoC,0.017549000000000037,Normal
0.4922,0.5063989999999999,0.6046259999999999,0.5907399999999999,0.506,35.0,4.0,WT,Escape_Threshold_RhoC,-0.013885999999999954,Normal
0.5058010000000001,0.499601,0.630409,0.5375249999999999,0.4988,35.0,5.0,WT,Escape_Threshold_RhoC,-0.09288400000000008,Normal
0.511798,0.500599,0.666505,0.5072409999999999,0.49560000000000004,35.0,6.0,WT,Escape_Threshold_RhoC,-0.15926400000000007,Normal
0.502399,0.501802,0.6591889999999998,0.49504300000000007,0.5057980000000001,35.0,7.0,WT,Escape_Threshold_RhoC,-0.16414599999999974,Normal
0.5095989999999999,0.501399,0.653696,0.485896,0.5069980000000001,35.0,8.0,WT,Escape_Threshold_RhoC,-0.16780000000000006,Normal
0.4996,0.49940200000000007,0.675069,0.45089000000000007,0.48160000000000003,35.0,9.0,WT,Escape_Threshold_RhoC,-0.22417899999999996,Normal
0.4987999999999999,0.5054,0.6840170000000001,0.44450699999999993,0.500601,35.0,10.0,WT,Escape_Threshold_RhoC,-0.23951000000000017,Normal
0.49720000000000003,0.505201,0.689016,0.42931699999999995,0.49899799999999994,35.0,11.0,WT,Escape_Threshold_RhoC,-0.259699,Failed
0.49759999999999993,0.4973989999999999,0.7064079999999999,0.40642100000000003,0.498399,35.0,12.0,WT,Escape_Threshold_RhoC,-0.2999869999999999,Failed
0.504001,0.4916,0.6968679999999999,0.41096099999999997,0.49839900000000004,35.0,13.0,WT,Escape_Threshold_RhoC,-0.28590699999999997,Failed
0.5003980000000001,0.497199,0.713173,0.38843099999999997,0.495599,35.0,14.0,WT,Escape_Threshold_RhoC,-0.324742,Failed
0.508201,0.4978,0.521976,0.7654639999999999,0.5055999999999999,40.0,1.0,WT,Escape_Threshold_RhoC,0.24348799999999993,Normal
0.5018,0.506601,0.558393,0.676127,0.4988,40.0,2.0,WT,Escape_Threshold_RhoC,0.117734,Normal
0.502402,0.507201,0.581528,0.630213,0.507401,40.0,3.0,WT,Escape_Threshold_RhoC,0.04868499999999998,Normal
0.49100000000000005,0.49880100000000005,0.606351,0.576374,0.49080099999999993,40.0,4.0,WT,Escape_Threshold_RhoC,-0.02997699999999992,Normal
0.4998,0.492401,0.63301,0.546839,0.49660000000000004,40.0,5.0,WT,Escape_Threshold_RhoC,-0.086171,Normal
0.5136010000000001,0.5036,0.647028,0.529824,0.4962010000000001,40.0,6.0,WT,Escape_Threshold_RhoC,-0.11720400000000009,Normal
0.5016,0.5037990000000001,0.665543,0.48420199999999997,0.48340000000000005,40.0,7.0,WT,Escape_Threshold_RhoC,-0.18134100000000003,Normal
0.500601,0.503399,0.6686300000000002,0.46842000000000006,0.486399,40.0,8.0,WT,Escape_Threshold_RhoC,-0.2002100000000001,Normal
0.5162019999999999,0.510399,0.681865,0.46318,0.5024,40.0,9.0,WT,Escape_Threshold_RhoC,-0.21868500000000007,Normal
0.5102,0.49279999999999996,0.693609,0.439095,0.502599,40.0,10.0,WT,Escape_Threshold_RhoC,-0.254514,Failed
0.5026,0.4966000000000001,0.6849689999999999,0.440173,0.49480100000000005,40.0,11.0,WT,Escape_Threshold_RhoC,-0.24479599999999996,Normal
0.5088030000000001,0.510399,0.705759,0.420505,0.499802,40.0,12.0,WT,Escape_Threshold_RhoC,-0.285254,Failed
0.501202,0.495203,0.70445,0.41483299999999995,0.501203,40.0,13.0,WT,Escape_Threshold_RhoC,-0.28961700000000007,Failed
0.503201,0.493201,0.704926,0.40689600000000004,0.509402,40.0,14.0,WT,Escape_Threshold_RhoC,-0.29803,Failed
0.5005999999999999,0.505999,0.517612,0.773075,0.5079980000000001,45.0,1.0,WT,Escape_Threshold_RhoC,0.255463,Hyper
0.490599,0.5221990000000001,0.558268,0.6775,0.487599,45.0,2.0,WT,Escape_Threshold_RhoC,0.119232,Normal
0.4827989999999999,0.513199,0.572536,0.6352460000000001,0.503799,45.0,3.0,WT,Escape_Threshold_RhoC,0.06271000000000004,Normal
0.49539999999999995,0.4928,0.607529,0.586724,0.5142,45.0,4.0,WT,Escape_Threshold_RhoC,-0.020804999999999962,Normal
0.504401,0.5034,0.6326880000000001,0.549347,0.5062,45.0,5.0,WT,Escape_Threshold_RhoC,-0.08334100000000011,Normal
0.4973989999999999,0.49739900000000004,0.6424699999999999,0.52152,0.5045999999999999,45.0,6.0,WT,Escape_Threshold_RhoC,-0.12094999999999989,Normal
0.5112,0.517199,0.663431,0.493334,0.494399,45.0,7.0,WT,Escape_Threshold_RhoC,-0.170097,Normal
0.5084,0.496801,0.676906,0.46829299999999996,0.48380100000000004,45.0,8.0,WT,Escape_Threshold_RhoC,-0.20861300000000005,Normal
0.49760099999999996,0.48760000000000003,0.68755,0.451136,0.5046,45.0,9.0,WT,Escape_Threshold_RhoC,-0.236414,Normal
0.5034000000000001,0.508201,0.678219,0.4539600000000001,0.5128010000000001,45.0,10.0,WT,Escape_Threshold_RhoC,-0.22425899999999993,Normal
0.495602,0.5034010000000001,0.6763709999999999,0.446667,0.5056010000000001,45.0,11.0,WT,Escape_Threshold_RhoC,-0.22970399999999996,Normal
0.505998,0.490599,0.696029,0.42870299999999995,0.494799,45.0,12.0,WT,Escape_Threshold_RhoC,-0.26732600000000006,Failed
0.510002,0.49860100000000007,0.6959440000000001,0.423269,0.49780100000000005,45.0,13.0,WT,Escape_Threshold_RhoC,-0.2726750000000001,Failed
0.5012,0.509999,0.707013,0.40857,0.49620000000000003,45.0,14.0,WT,Escape_Threshold_RhoC,-0.298443,Failed
0.502399,0.494399,0.518535,0.7701870000000001,0.5054,50.0,1.0,WT,Escape_Threshold_RhoC,0.2516520000000001,Hyper
0.4998,0.49840200000000007,0.5577880000000001,0.685123,0.500201,50.0,2.0,WT,Escape_Threshold_RhoC,0.12733499999999998,Normal
0.503601,0.503801,0.588352,0.610323,0.49700000000000005,50.0,3.0,WT,Escape_Threshold_RhoC,0.021970999999999963,Normal
0.49499999999999994,0.510598,0.603664,0.5783639999999999,0.48539699999999997,50.0,4.0,WT,Escape_Threshold_RhoC,-0.0253000000000001,Normal
0.5018,0.504601,0.635465,0.540287,0.491201,50.0,5.0,WT,Escape_Threshold_RhoC,-0.09517799999999998,Normal
0.5094010000000001,0.493601,0.6536580000000001,0.5075000000000001,0.500601,50.0,6.0,WT,Escape_Threshold_RhoC,-0.146158,Normal
0.49940099999999993,0.505,0.6444980000000001,0.49829199999999996,0.49600099999999997,50.0,7.0,WT,Escape_Threshold_RhoC,-0.14620600000000017,Normal
0.4974,0.506999,0.6654410000000001,0.47965099999999994,0.492399,50.0,8.0,WT,Escape_Threshold_RhoC,-0.18579000000000012,Normal
0.501599,0.5102,0.6757150000000001,0.45957500000000007,0.497,50.0,9.0,WT,Escape_Threshold_RhoC,-0.21614,Normal
0.507398,0.49139999999999995,0.688447,0.438365,0.488399,50.0,10.0,WT,Escape_Threshold_RhoC,-0.250082,Failed
0.494198,0.504799,0.695336,0.435451,0.5022000000000001,50.0,11.0,WT,Escape_Threshold_RhoC,-0.259885,Failed
0.490601,0.4974009999999999,0.682935,0.436772,0.5124,50.0,12.0,WT,Escape_Threshold_RhoC,-0.24616299999999997,Normal
0.4898,0.4986,0.693135,0.41515599999999997,0.499799,50.0,13.0,WT,Escape_Threshold_RhoC,-0.277979,Failed
0.494602,0.509001,0.693458,0.411983,0.496001,50.0,14.0,WT,Escape_Threshold_RhoC,-0.28147500000000003,Failed
0.4978000000000001,0.507599,0.5205799999999998,0.7605949999999999,0.497,55.0,1.0,WT,Escape_Threshold_RhoC,0.2400150000000001,Normal
0.48480100000000004,0.4868,0.5634750000000001,0.6681,0.4966000000000001,55.0,2.0,WT,Escape_Threshold_RhoC,0.10462499999999997,Normal
0.498197,0.496399,0.590808,0.6144520000000001,0.491999,55.0,3.0,WT,Escape_Threshold_RhoC,0.02364400000000011,Normal
0.504,0.49959899999999996,0.6181949999999999,0.574357,0.5038009999999999,55.0,4.0,WT,Escape_Threshold_RhoC,-0.04383799999999993,Normal
0.49959899999999996,0.5061990000000001,0.6166830000000001,0.56044,0.506398,55.0,5.0,WT,Escape_Threshold_RhoC,-0.05624300000000004,Normal
0.49679899999999994,0.5003989999999999,0.6416280000000001,0.5119339999999999,0.4947989999999999,55.0,6.0,WT,Escape_Threshold_RhoC,-0.1296940000000002,Normal
0.4999980000000001,0.496998,0.654468,0.4953100000000001,0.48779900000000004,55.0,7.0,WT,Escape_Threshold_RhoC,-0.15915799999999997,Normal
0.5043989999999999,0.500399,0.6665559999999999,0.48319399999999996,0.504399,55.0,8.0,WT,Escape_Threshold_RhoC,-0.18336199999999997,Normal
0.5104,0.505399,0.6675260000000001,0.47436500000000004,0.499799,55.0,9.0,WT,Escape_Threshold_RhoC,-0.19316100000000003,Normal
0.488399,0.49759999999999993,0.688352,0.44743399999999994,0.49179999999999996,55.0,10.0,WT,Escape_Threshold_RhoC,-0.24091800000000002,Normal
0.507,0.5002,0.6867350000000001,0.43962100000000004,0.503,55.0,11.0,WT,Escape_Threshold_RhoC,-0.24711400000000006,Normal
0.49319799999999997,0.49699899999999997,0.687368,0.43773999999999996,0.5032,55.0,12.0,WT,Escape_Threshold_RhoC,-0.24962800000000002,Normal
0.49540000000000006,0.493,0.698215,0.42285799999999996,0.504401,55.0,13.0,WT,Escape_Threshold_RhoC,-0.2753570000000001,Failed
0.5016,0.489,0.7227629999999999,0.39652499999999996,0.4926000000000001,55.0,14.0,WT,Escape_Threshold_RhoC,-0.326238,Failed
,0.5012,0.312454,0.7968149999999999,0.500599,5.0,1.0,DSP,Escape_Threshold_RhoC,0.48436099999999993,Hyper
,0.5062000000000001,0.378439,0.714402,0.490799,5.0,2.0,DSP,Escape_Threshold_RhoC,0.33596299999999996,Hyper
,0.5020009999999999,0.40430000000000005,0.666078,0.492,5.0,3.0,DSP,Escape_Threshold_RhoC,0.2617779999999999,Hyper
,0.491201,0.443917,0.6147,0.49260099999999996,5.0,4.0,DSP,Escape_Threshold_RhoC,0.17078300000000002,Normal
,0.506202,0.461354,0.597845,0.5056010000000001,5.0,5.0,DSP,Escape_Threshold_RhoC,0.13649099999999997,Normal
,0.501598,0.483126,0.550313,0.505999,5.0,6.0,DSP,Escape_Threshold_RhoC,0.06718700000000005,Normal
,0.507198,0.508513,0.517649,0.499199,5.0,7.0,DSP,Escape_Threshold_RhoC,0.009136000000000033,Normal
,0.501798,0.5341119999999999,0.509203,0.5044000000000001,5.0,8.0,DSP,Escape_Threshold_RhoC,-0.02490899999999996,Normal
,0.5035999999999999,0.540396,0.493999,0.502201,5.0,9.0,DSP,Escape_Threshold_RhoC,-0.046396999999999966,Normal
,0.49599999999999994,0.5559970000000001,0.469331,0.5044,5.0,10.0,DSP,Escape_Threshold_RhoC,-0.08666600000000008,Normal
,0.492,0.568395,0.44798800000000005,0.507,5.0,11.0,DSP,Escape_Threshold_RhoC,-0.12040699999999993,Normal
,0.493201,0.586743,0.42788099999999996,0.49839999999999995,5.0,12.0,DSP,Escape_Threshold_RhoC,-0.15886200000000006,Normal
,0.49719800000000003,0.587411,0.41401699999999997,0.504599,5.0,13.0,DSP,Escape_Threshold_RhoC,-0.17339400000000005,Normal
,0.4964,0.585237,0.415996,0.504599,5.0,14.0,DSP,Escape_Threshold_RhoC,-0.16924100000000003,Normal
,0.503801,0.3097,0.807128,0.511801,10.0,1.0,DSP,Escape_Threshold_RhoC,0.497428,Hyper
,0.49420000000000003,0.356068,0.7321,0.499599,10.0,2.0,DSP,Escape_Threshold_RhoC,0.376032,Hyper
,0.4996,0.40725400000000006,0.678855,0.492799,10.0,3.0,DSP,Escape_Threshold_RhoC,0.2716009999999999,Hyper
,0.4854,0.4193,0.643432,0.501,10.0,4.0,DSP,Escape_Threshold_RhoC,0.224132,Normal
,0.49159900000000006,0.451117,0.6030139999999999,0.497199,10.0,5.0,DSP,Escape_Threshold_RhoC,0.15189699999999995,Normal
,0.49660100000000007,0.46757200000000004,0.583204,0.5082,10.0,6.0,DSP,Escape_Threshold_RhoC,0.1156319999999999,Normal
,0.4944,0.488488,0.551866,0.5056,10.0,7.0,DSP,Escape_Threshold_RhoC,0.06337799999999999,Normal
,0.5172,0.50598,0.527905,0.488399,10.0,8.0,DSP,Escape_Threshold_RhoC,0.021924999999999972,Normal
,0.496,0.5201,0.517469,0.4898,10.0,9.0,DSP,Escape_Threshold_RhoC,-0.00263100000000005,Normal
,0.494199,0.54216,0.493553,0.4890000000000001,10.0,10.0,DSP,Escape_Threshold_RhoC,-0.048606999999999956,Normal
,0.49939999999999996,0.5473049999999999,0.47870200000000007,0.49539900000000003,10.0,11.0,DSP,Escape_Threshold_RhoC,-0.06860299999999986,Normal
,0.5141999999999999,0.5547960000000001,0.47352,0.5066,10.0,12.0,DSP,Escape_Threshold_RhoC,-0.08127600000000007,Normal
,0.499398,0.559555,0.45880300000000007,0.504999,10.0,13.0,DSP,Escape_Threshold_RhoC,-0.10075199999999995,Normal
,0.504399,0.57058,0.436448,0.48980000000000007,10.0,14.0,DSP,Escape_Threshold_RhoC,-0.13413199999999997,Normal
,0.5004,0.30618900000000004,0.7991860000000001,0.505401,15.0,1.0,DSP,Escape_Threshold_RhoC,0.492997,Hyper
,0.502001,0.359272,0.7305340000000001,0.504999,15.0,2.0,DSP,Escape_Threshold_RhoC,0.37126200000000015,Hyper
,0.5012,0.390952,0.6780170000000001,0.492,15.0,3.0,DSP,Escape_Threshold_RhoC,0.28706500000000007,Hyper
,0.49679999999999996,0.41054,0.6481760000000001,0.506401,15.0,4.0,DSP,Escape_Threshold_RhoC,0.23763600000000007,Normal
,0.49739999999999995,0.439258,0.6285109999999999,0.510801,15.0,5.0,DSP,Escape_Threshold_RhoC,0.18925299999999995,Normal
,0.507001,0.478835,0.581543,0.501001,15.0,6.0,DSP,Escape_Threshold_RhoC,0.10270800000000002,Normal
,0.503002,0.47578,0.575653,0.503401,15.0,7.0,DSP,Escape_Threshold_RhoC,0.09987299999999999,Normal
,0.4964,0.48437699999999995,0.5523870000000001,0.5132,15.0,8.0,DSP,Escape_Threshold_RhoC,0.06801000000000013,Normal
,0.5,0.49601000000000006,0.533706,0.49580100000000005,15.0,9.0,DSP,Escape_Threshold_RhoC,0.03769599999999995,Normal
,0.5012,0.514293,0.5146809999999999,0.495399,15.0,10.0,DSP,Escape_Threshold_RhoC,0.00038799999999994395,Normal
,0.494,0.536226,0.49323000000000006,0.491999,15.0,11.0,DSP,Escape_Threshold_RhoC,-0.04299599999999992,Normal
,0.491201,0.538941,0.487351,0.501,15.0,12.0,DSP,Escape_Threshold_RhoC,-0.051590000000000025,Normal
,0.49699899999999997,0.540424,0.47091700000000003,0.496999,15.0,13.0,DSP,Escape_Threshold_RhoC,-0.06950699999999999,Normal
,0.4942,0.560577,0.46686799999999995,0.5022,15.0,14.0,DSP,Escape_Threshold_RhoC,-0.09370900000000004,Normal
,0.504799,0.303613,0.8167030000000001,0.48640000000000005,20.0,1.0,DSP,Escape_Threshold_RhoC,0.51309,Hyper
,0.49979999999999997,0.352567,0.7465970000000001,0.5074,20.0,2.0,DSP,Escape_Threshold_RhoC,0.39403000000000005,Hyper
,0.497201,0.38658800000000004,0.6872630000000001,0.500601,20.0,3.0,DSP,Escape_Threshold_RhoC,0.300675,Hyper
,0.496,0.421545,0.644274,0.49220200000000003,20.0,4.0,DSP,Escape_Threshold_RhoC,0.222729,Normal
,0.507801,0.441868,0.6231300000000001,0.497402,20.0,5.0,DSP,Escape_Threshold_RhoC,0.1812620000000001,Normal
,0.5178,0.45686699999999997,0.6028539999999999,0.5128,20.0,6.0,DSP,Escape_Threshold_RhoC,0.14598699999999992,Normal
,0.504999,0.476491,0.5676589999999999,0.4888,20.0,7.0,DSP,Escape_Threshold_RhoC,0.09116799999999992,Normal
,0.506599,0.4912659999999999,0.545099,0.5016,20.0,8.0,DSP,Escape_Threshold_RhoC,0.053833000000000075,Normal
,0.491002,0.5161690000000001,0.519846,0.487201,20.0,9.0,DSP,Escape_Threshold_RhoC,0.0036769999999999303,Normal
,0.49100000000000005,0.530518,0.503066,0.505,20.0,10.0,DSP,Escape_Threshold_RhoC,-0.027452000000000032,Normal
,0.5022,0.532357,0.501142,0.49579900000000005,20.0,11.0,DSP,Escape_Threshold_RhoC,-0.031214999999999993,Normal
,0.498599,0.531625,0.49866699999999997,0.4900009999999999,20.0,12.0,DSP,Escape_Threshold_RhoC,-0.03295800000000004,Normal
,0.4982,0.545558,0.484559,0.49979999999999997,20.0,13.0,DSP,Escape_Threshold_RhoC,-0.06099899999999997,Normal
,0.495,0.564571,0.462621,0.4896,20.0,14.0,DSP,Escape_Threshold_RhoC,-0.10195000000000004,Normal
,0.5023989999999999,0.306208,0.8143659999999999,0.493801,25.0,1.0,DSP,Escape_Threshold_RhoC,0.5081579999999999,Hyper
,0.48660000000000003,0.367615,0.729041,0.49019999999999997,25.0,2.0,DSP,Escape_Threshold_RhoC,0.361426,Hyper
,0.5014,0.401957,0.69142,0.5045999999999999,25.0,3.0,DSP,Escape_Threshold_RhoC,0.289463,Hyper
,0.505401,0.41946399999999995,0.657867,0.491201,25.0,4.0,DSP,Escape_Threshold_RhoC,0.23840300000000003,Normal
,0.49480100000000005,0.445312,0.6251420000000001,0.488599,25.0,5.0,DSP,Escape_Threshold_RhoC,0.1798300000000001,Normal
,0.5003989999999999,0.470524,0.588177,0.4964,25.0,6.0,DSP,Escape_Threshold_RhoC,0.11765299999999995,Normal
,0.5077999999999999,0.48142999999999997,0.5652260000000001,0.48019900000000004,25.0,7.0,DSP,Escape_Threshold_RhoC,0.08379600000000015,Normal
,0.5026,0.485509,0.562201,0.5012,25.0,8.0,DSP,Escape_Threshold_RhoC,0.07669199999999993,Normal
,0.5043989999999999,0.513655,0.52537,0.4988,25.0,9.0,DSP,Escape_Threshold_RhoC,0.011715000000000031,Normal
,0.501199,0.5098659999999999,0.5284059999999999,0.5014000000000001,25.0,10.0,DSP,Escape_Threshold_RhoC,0.01854,Normal
,0.5104000000000001,0.526674,0.512123,0.49659999999999993,25.0,11.0,DSP,Escape_Threshold_RhoC,-0.01455099999999998,Normal
,0.495001,0.528883,0.497162,0.49699899999999997,25.0,12.0,DSP,Escape_Threshold_RhoC,-0.031721,Normal
,0.4978,0.5333640000000001,0.49083099999999996,0.5092,25.0,13.0,DSP,Escape_Threshold_RhoC,-0.0425330000000001,Normal
,0.506601,0.544789,0.48082800000000003,0.5094000000000001,25.0,14.0,DSP,Escape_Threshold_RhoC,-0.06396099999999993,Normal
,0.504401,0.314521,0.8194309999999999,0.5038,30.0,1.0,DSP,Escape_Threshold_RhoC,0.50491,Hyper
,0.48780099999999993,0.349783,0.744598,0.513401,30.0,2.0,DSP,Escape_Threshold_RhoC,0.39481499999999997,Hyper
,0.499,0.386984,0.692059,0.492601,30.0,3.0,DSP,Escape_Threshold_RhoC,0.305075,Hyper
,0.49300000000000005,0.417828,0.652952,0.505199,30.0,4.0,DSP,Escape_Threshold_RhoC,0.235124,Normal
,0.493201,0.4421,0.6240110000000001,0.498201,30.0,5.0,DSP,Escape_Threshold_RhoC,0.1819110000000001,Normal
,0.497201,0.466062,0.592378,0.49599899999999997,30.0,6.0,DSP,Escape_Threshold_RhoC,0.12631599999999998,Normal
,0.49539900000000003,0.46463600000000005,0.5820029999999999,0.5062,30.0,7.0,DSP,Escape_Threshold_RhoC,0.11736699999999989,Normal
,0.498598,0.500018,0.552182,0.49579999999999996,30.0,8.0,DSP,Escape_Threshold_RhoC,0.05216399999999999,Normal
,0.505201,0.501392,0.5363709999999999,0.4956,30.0,9.0,DSP,Escape_Threshold_RhoC,0.03497899999999998,Normal
,0.49060000000000004,0.513884,0.5277810000000001,0.505601,30.0,10.0,DSP,Escape_Threshold_RhoC,0.013897000000000048,Normal
,0.505201,0.530585,0.515439,0.513999,30.0,11.0,DSP,Escape_Threshold_RhoC,-0.015145999999999993,Normal
,0.49399899999999997,0.53583,0.495211,0.491399,30.0,12.0,DSP,Escape_Threshold_RhoC,-0.040619000000000016,Normal
,0.502599,0.548452,0.48079,0.4858,30.0,13.0,DSP,Escape_Threshold_RhoC,-0.06766200000000006,Normal
,0.493401,0.5529400000000001,0.47213199999999994,0.5012,30.0,14.0,DSP,Escape_Threshold_RhoC,-0.08080800000000016,Normal
,0.502,0.318466,0.8029759999999999,0.5006,35.0,1.0,DSP,Escape_Threshold_RhoC,0.4845099999999999,Hyper
,0.4998,0.36070199999999997,0.7362960000000001,0.49160000000000004,35.0,2.0,DSP,Escape_Threshold_RhoC,0.3755940000000001,Hyper
,0.502201,0.38944999999999996,0.694216,0.506802,35.0,3.0,DSP,Escape_Threshold_RhoC,0.3047660000000001,Hyper
,0.5062,0.41538800000000003,0.658974,0.503,35.0,4.0,DSP,Escape_Threshold_RhoC,0.2435859999999999,Normal
,0.5023989999999999,0.436878,0.6307969999999999,0.515399,35.0,5.0,DSP,Escape_Threshold_RhoC,0.19391899999999995,Normal
,0.5084,0.45211599999999996,0.605853,0.5054,35.0,6.0,DSP,Escape_Threshold_RhoC,0.153737,Normal
,0.499801,0.48513900000000004,0.567691,0.4964,35.0,7.0,DSP,Escape_Threshold_RhoC,0.0825519999999999,Normal
,0.501599,0.4908630000000001,0.559372,0.510799,35.0,8.0,DSP,Escape_Threshold_RhoC,0.06850899999999988,Normal
,0.4928,0.499595,0.5421279999999999,0.494201,35.0,9.0,DSP,Escape_Threshold_RhoC,0.04253299999999993,Normal
,0.49819899999999995,0.51266,0.522522,0.5007980000000001,35.0,10.0,DSP,Escape_Threshold_RhoC,0.009862000000000037,Normal
,0.5064,0.52275,0.505271,0.49460000000000004,35.0,11.0,DSP,Escape_Threshold_RhoC,-0.017479000000000022,Normal
,0.491002,0.532995,0.503552,0.49780099999999994,35.0,12.0,DSP,Escape_Threshold_RhoC,-0.029442999999999997,Normal
,0.500401,0.543781,0.489375,0.5092,35.0,13.0,DSP,Escape_Threshold_RhoC,-0.054405999999999954,Normal
,0.49499899999999997,0.546771,0.483912,0.511399,35.0,14.0,DSP,Escape_Threshold_RhoC,-0.062859,Normal
,0.513,0.32148699999999997,0.8052160000000002,0.4944,40.0,1.0,DSP,Escape_Threshold_RhoC,0.4837290000000002,Hyper
,0.5072000000000001,0.36057200000000006,0.740021,0.4956,40.0,2.0,DSP,Escape_Threshold_RhoC,0.379449,Hyper
,0.49299899999999997,0.39280499999999996,0.697908,0.5052,40.0,3.0,DSP,Escape_Threshold_RhoC,0.305103,Hyper
,0.4968,0.412513,0.6554220000000001,0.5,40.0,4.0,DSP,Escape_Threshold_RhoC,0.24290900000000004,Normal
,0.4778,0.457073,0.6099319999999999,0.481999,40.0,5.0,DSP,Escape_Threshold_RhoC,0.1528589999999999,Normal
,0.502801,0.4579,0.600412,0.5005999999999999,40.0,6.0,DSP,Escape_Threshold_RhoC,0.14251199999999997,Normal
,0.501401,0.477476,0.5733079999999999,0.496799,40.0,7.0,DSP,Escape_Threshold_RhoC,0.09583199999999992,Normal
,0.48599800000000004,0.48266300000000006,0.570782,0.5098,40.0,8.0,DSP,Escape_Threshold_RhoC,0.08811899999999995,Normal
,0.491199,0.49275399999999997,0.551007,0.497801,40.0,9.0,DSP,Escape_Threshold_RhoC,0.058253000000000055,Normal
,0.5032,0.497768,0.532712,0.499799,40.0,10.0,DSP,Escape_Threshold_RhoC,0.034943999999999975,Normal
,0.512401,0.525109,0.516102,0.504202,40.0,11.0,DSP,Escape_Threshold_RhoC,-0.009007000000000098,Normal
,0.49160100000000007,0.525585,0.502424,0.491,40.0,12.0,DSP,Escape_Threshold_RhoC,-0.023160999999999987,Normal
,0.505799,0.5285289999999999,0.499616,0.503198,40.0,13.0,DSP,Escape_Threshold_RhoC,-0.02891299999999991,Normal
,0.5012,0.5364500000000001,0.48896200000000006,0.491401,40.0,14.0,DSP,Escape_Threshold_RhoC,-0.04748800000000003,Normal
,0.505799,0.30689600000000006,0.812921,0.49999899999999997,45.0,1.0,DSP,Escape_Threshold_RhoC,0.506025,Hyper
,0.49740000000000006,0.35559,0.742011,0.4857999999999999,45.0,2.0,DSP,Escape_Threshold_RhoC,0.38642099999999996,Hyper
,0.4992,0.394472,0.686463,0.491201,45.0,3.0,DSP,Escape_Threshold_RhoC,0.29199100000000006,Hyper
,0.5052,0.41830500000000004,0.651618,0.499,45.0,4.0,DSP,Escape_Threshold_RhoC,0.233313,Normal
,0.495798,0.435513,0.6304750000000001,0.5013989999999999,45.0,5.0,DSP,Escape_Threshold_RhoC,0.19496200000000014,Normal
,0.502,0.45797199999999993,0.601116,0.500799,45.0,6.0,DSP,Escape_Threshold_RhoC,0.14314400000000005,Normal
,0.49920099999999995,0.48507399999999995,0.561602,0.48900099999999996,45.0,7.0,DSP,Escape_Threshold_RhoC,0.0765280000000001,Normal
,0.506401,0.497565,0.5606049999999999,0.5052009999999999,45.0,8.0,DSP,Escape_Threshold_RhoC,0.06303999999999993,Normal
,0.493,0.506955,0.541591,0.49439999999999995,45.0,9.0,DSP,Escape_Threshold_RhoC,0.034636,Normal
,0.49980099999999994,0.5038229999999999,0.532442,0.49959999999999993,45.0,10.0,DSP,Escape_Threshold_RhoC,0.02861900000000006,Normal
,0.5076,0.525169,0.509355,0.4928,45.0,11.0,DSP,Escape_Threshold_RhoC,-0.015813999999999995,Normal
,0.49660100000000007,0.5271380000000001,0.502958,0.4932,45.0,12.0,DSP,Escape_Threshold_RhoC,-0.02418000000000009,Normal
,0.49819900000000006,0.5316270000000001,0.500211,0.497,45.0,13.0,DSP,Escape_Threshold_RhoC,-0.03141600000000011,Normal
,0.5028,0.537198,0.485714,0.509,45.0,14.0,DSP,Escape_Threshold_RhoC,-0.051483999999999974,Normal
,0.493401,0.301865,0.814182,0.495402,50.0,1.0,DSP,Escape_Threshold_RhoC,0.5123169999999999,Hyper
,0.49979999999999997,0.36355000000000004,0.7358030000000002,0.49779999999999996,50.0,2.0,DSP,Escape_Threshold_RhoC,0.37225300000000017,Hyper
,0.49460100000000007,0.37498000000000004,0.7092070000000001,0.497201,50.0,3.0,DSP,Escape_Threshold_RhoC,0.3342270000000001,Hyper
,0.49539900000000003,0.41467299999999996,0.663124,0.49879999999999997,50.0,4.0,DSP,Escape_Threshold_RhoC,0.2484510000000001,Normal
,0.514601,0.445046,0.622356,0.495799,50.0,5.0,DSP,Escape_Threshold_RhoC,0.17731000000000002,Normal
,0.49119999999999997,0.473939,0.587807,0.49319999999999997,50.0,6.0,DSP,Escape_Threshold_RhoC,0.11386799999999997,Normal
,0.494801,0.483232,0.5701129999999999,0.498002,50.0,7.0,DSP,Escape_Threshold_RhoC,0.08688099999999987,Normal
,0.500399,0.48744999999999994,0.553635,0.487599,50.0,8.0,DSP,Escape_Threshold_RhoC,0.06618500000000005,Normal
,0.492599,0.49232400000000004,0.5453020000000001,0.49940000000000007,50.0,9.0,DSP,Escape_Threshold_RhoC,0.052978000000000025,Normal
,0.49520000000000003,0.512834,0.5240469999999999,0.4988,50.0,10.0,DSP,Escape_Threshold_RhoC,0.011212999999999917,Normal
,0.49360000000000004,0.5155689999999999,0.513671,0.49939999999999996,50.0,11.0,DSP,Escape_Threshold_RhoC,-0.0018979999999999553,Normal
,0.4857999999999999,0.5220859999999999,0.5072730000000001,0.49799899999999997,50.0,12.0,DSP,Escape_Threshold_RhoC,-0.014812999999999854,Normal
,0.49579999999999996,0.52306,0.49968000000000007,0.49260000000000004,50.0,13.0,DSP,Escape_Threshold_RhoC,-0.0233799999999999,Normal
,0.498399,0.537323,0.484566,0.49219900000000005,50.0,14.0,DSP,Escape_Threshold_RhoC,-0.052757,Normal
,0.5016,0.309952,0.811925,0.4994,55.0,1.0,DSP,Escape_Threshold_RhoC,0.501973,Hyper
,0.49860000000000004,0.3552160000000001,0.74426,0.4913989999999999,55.0,2.0,DSP,Escape_Threshold_RhoC,0.38904399999999995,Hyper
,0.503,0.37739799999999996,0.705804,0.5043989999999999,55.0,3.0,DSP,Escape_Threshold_RhoC,0.32840600000000003,Hyper
,0.497599,0.415133,0.657439,0.5062,55.0,4.0,DSP,Escape_Threshold_RhoC,0.24230600000000002,Normal
,0.48800000000000004,0.44342400000000004,0.621714,0.501001,55.0,5.0,DSP,Escape_Threshold_RhoC,0.17828999999999995,Normal
,0.49460000000000004,0.458546,0.604658,0.508,55.0,6.0,DSP,Escape_Threshold_RhoC,0.14611200000000002,Normal
,0.49619899999999995,0.4670019999999999,0.580829,0.5058,55.0,7.0,DSP,Escape_Threshold_RhoC,0.11382700000000012,Normal
,0.49880099999999994,0.49224799999999996,0.5542889999999999,0.5012,55.0,8.0,DSP,Escape_Threshold_RhoC,0.06204099999999996,Normal
,0.4942,0.509629,0.535326,0.4978,55.0,9.0,DSP,Escape_Threshold_RhoC,0.02569699999999997,Normal
,0.49999999999999994,0.508664,0.526836,0.49920099999999995,55.0,10.0,DSP,Escape_Threshold_RhoC,0.018171999999999966,Normal
,0.48660099999999995,0.529529,0.507584,0.49900100000000003,55.0,11.0,DSP,Escape_Threshold_RhoC,-0.021944999999999992,Normal
,0.497201,0.5230429999999999,0.511444,0.5116,55.0,12.0,DSP,Escape_Threshold_RhoC,-0.011598999999999915,Normal
,0.505199,0.524677,0.5088010000000001,0.500599,55.0,13.0,DSP,Escape_Threshold_RhoC,-0.01587599999999989,Normal
,0.4948,0.544991,0.484449,0.5062,55.0,14.0,DSP,Escape_Threshold_RhoC,-0.060541999999999985,Normal
